<?xml version="1.0" encoding="UTF-8"?>
<metadata>
  <groupId>com.google.android.gms</groupId>
  <artifactId>play-services</artifactId>
  <versioning>
    <release>6.5.87</release>
    <versions>
      <version>3.1.36</version>
      <version>3.1.59</version>
      <version>3.2.25</version>
      <version>3.2.65</version>
      <version>4.0.30</version>
      <version>4.1.32</version>
      <version>4.2.42</version>
      <version>4.3.23</version>
      <version>4.4.52</version>
      <version>5.0.89</version>
      <version>6.1.11</version>
      <version>6.1.71</version>
      <version>6.5.87</version>
    </versions>
    <lastUpdated>2014112414484300</lastUpdated>
  </versioning>
</metadata>
